{
  "timestamp": "2025-07-02T05:52:31.895096",
  "models_count": 8,
  "models": {
    "ARIMA_101": {
      "type": "ARIMA",
      "config": {
        "order": [
          1,
          0,
          1
        ],
        "type": "ARIMA"
      },
      "metrics": {
        "mape": 0.015405919242837093,
        "rmse": 8.155217276962787,
        "mae": NaN,
        "aic": 41166.4047968781
      },
      "forecast_values": [
        51767.69730444756,
        51767.44994365493,
        51767.20259434102,
        51766.9552565053,
        51766.70793014723,
        51766.4606152663,
        51766.213311861946,
        51765.96601993366,
        51765.7187394809,
        51765.47147050313,
        51765.22421299983,
        51764.97696697045,
        51764.72973241447,
        51764.482509331356,
        51764.235297720574,
        51763.98809758159,
        51763.740908913875,
        51763.49373171689,
        51763.24656599011,
        51762.999411733006,
        51762.752268945034,
        51762.50513762567,
        51762.25801777438,
        51762.01090939063
      ]
    },
    "ARIMA_111": {
      "type": "ARIMA",
      "config": {
        "order": [
          1,
          1,
          1
        ],
        "type": "ARIMA"
      },
      "metrics": {
        "mape": 0.28852036932214536,
        "rmse": 164.33378229698883,
        "mae": NaN,
        "aic": 38404.6762152874
      },
      "forecast_values": [
        51773.17348887563,
        51788.756854444975,
        51803.66104619428,
        51817.91566473041,
        51831.54902056939,
        51844.58819036275,
        51857.05907067338,
        51868.98642940761,
        51880.39395500577,
        51891.30430348881,
        51901.739143454506,
        51911.71919911257,
        51921.26429144418,
        51930.39337756759,
        51939.12458838812,
        51947.47526460717,
        51955.46199116193,
        51963.10063016399,
        51970.40635240248,
        51977.39366747413,
        51984.07645260018,
        51990.46798018739,
        51996.580944187815,
        52002.42748530973
      ]
    },
    "ARIMA_211": {
      "type": "ARIMA",
      "config": {
        "order": [
          2,
          1,
          1
        ],
        "type": "ARIMA"
      },
      "metrics": {
        "mape": 0.14427645109917012,
        "rmse": 81.07264849719944,
        "mae": NaN,
        "aic": 38332.59128787712
      },
      "forecast_values": [
        51768.13554996574,
        51775.484435962055,
        51783.36941092109,
        51790.533015161905,
        51797.37264828848,
        51803.80292317169,
        51809.877075047,
        51815.60644471026,
        51821.01303629381,
        51826.11432674027,
        51830.927761519815,
        51835.469523986954,
        51839.754964814274,
        51843.79854487508,
        51847.61391572159,
        51851.21395646588,
        51854.61081993078,
        51857.815972896824,
        51860.84023503673,
        51863.69381537377,
        51866.38634676355,
        51868.92691840617,
        51871.324106530315,
        51873.586003343655
      ]
    },
    "ARIMA_212": {
      "type": "ARIMA",
      "config": {
        "order": [
          2,
          1,
          2
        ],
        "type": "ARIMA"
      },
      "metrics": {
        "mape": 0.10809110543630722,
        "rmse": 60.06756202379079,
        "mae": NaN,
        "aic": 38330.48547818935
      },
      "forecast_values": [
        51768.20583656337,
        51773.33803373459,
        51779.077157034895,
        51784.298611178696,
        51789.219000174075,
        51793.82602328878,
        51798.14463663983,
        51802.19204743262,
        51805.98543043866,
        51809.54070487015,
        51812.8728207969,
        51815.99578479818,
        51818.9227251455,
        51821.66594592249,
        51824.23697892907,
        51826.64663212752,
        51828.905035081596,
        51831.02168153769,
        51833.0054693343,
        51834.86473780619,
        51836.60730284085,
        51838.24048973449,
        51839.77116398566,
        51841.205760156074
      ]
    },
    "SARIMA_111_111_24": {
      "type": "SARIMA",
      "config": {
        "order": [
          1,
          1,
          1
        ],
        "seasonal_order": [
          1,
          1,
          1,
          24
        ],
        "type": "SARIMA"
      },
      "metrics": {
        "mape": 0.3096354841550146,
        "rmse": 175.23647629112884,
        "mae": NaN,
        "aic": 38004.12925522208
      },
      "forecast_values": [
        51773.335617624776,
        51792.291296035786,
        51806.19488773249,
        51821.907561583444,
        51836.29832694615,
        51852.1945229557,
        51866.04033696947,
        51883.03301536365,
        51892.52827492747,
        51906.335062930055,
        51919.51239921105,
        51935.64576179075,
        51945.680985070256,
        51952.042719510275,
        51960.074030098076,
        51968.18731556273,
        51974.77798177436,
        51971.140226146636,
        51977.473916984316,
        51983.71131692187,
        51987.182716772775,
        51994.87863784309,
        52001.14629057943,
        52009.69078198204
      ]
    },
    "SARIMA_101_110_24": {
      "type": "SARIMA",
      "config": {
        "order": [
          1,
          0,
          1
        ],
        "seasonal_order": [
          1,
          1,
          0,
          24
        ],
        "type": "SARIMA"
      },
      "metrics": {
        "mape": 0.8956071681112999,
        "rmse": 555.1004527515291,
        "mae": NaN,
        "aic": 42170.882271241135
      },
      "forecast_values": [
        51773.588323723736,
        51843.68851771726,
        51864.41005313684,
        51879.690218678865,
        51894.975117306545,
        51910.264740101156,
        51925.55907816073,
        51977.895679760855,
        52017.89112648545,
        52075.68322615543,
        52090.99633659049,
        52118.65997041872,
        52171.01997122525,
        52223.38462545107,
        52312.7914814883,
        52476.278087745566,
        52491.61909252282,
        52506.96471574387,
        52547.0066534798,
        52574.70733988358,
        52602.412618672126,
        52667.16003835259,
        52670.18277119233,
        52673.210070504894
      ]
    },
    "HoltWinters_add": {
      "type": "HoltWinters",
      "config": {
        "seasonal": "add",
        "seasonal_periods": 24,
        "type": "HoltWinters"
      },
      "metrics": {
        "mape": 0.0032654023837410803,
        "rmse": 3.1371110663980066,
        "mae": NaN,
        "aic": 32512.201199550404
      },
      "forecast_values": [
        51755.333973607376,
        51754.40455210271,
        51751.373054114105,
        51749.24475655803,
        51745.82045497725,
        51755.09319185228,
        51757.175863592165,
        51758.32918935014,
        51756.654996886566,
        51757.63758824251,
        51757.86443062261,
        51758.48592102435,
        51757.34627635106,
        51756.37213214286,
        51756.80066752255,
        51756.839550649885,
        51756.652298614164,
        51754.444618828435,
        51756.48815318247,
        51756.78580099845,
        51756.19422984348,
        51757.177029799794,
        51756.87220677565,
        51756.88002911212
      ]
    },
    "HoltWinters_mul": {
      "type": "HoltWinters",
      "config": {
        "seasonal": "mul",
        "seasonal_periods": 24,
        "type": "HoltWinters"
      },
      "metrics": {
        "mape": 0.0037310034227592995,
        "rmse": 3.375535203045153,
        "mae": NaN,
        "aic": 32512.062497857798
      },